Product Category,Total Amount
Electronics,703678.8483073323
Sports,680410.7869656787
Home,679325.4106396256
Clothing,666876.0783073322
Books,649391.2729719189
