Country,Total Amount
United States,845254.2806396256
Germany,571469.6043135725
United Kingdom,560079.2929719188
